Project,BugID,Filename,Path,Method name,,Exception,Label,,,Filename,,Method name,Exception
Hadoop,HADOOP-6172,URLClassLoader.java,java.net.URLClassLoader$1,run,,ClassNotFoundException,,,,URLClassLoader.java,,run,ClassNotFoundException
Hadoop,HADOOP-6172,Native Method,java.security.AccessController,doPrivileged,,ClassNotFoundException,,,,Native Method,,doPrivileged,AssertionFailedError
Hadoop,HADOOP-6172,URLClassLoader.java,java.net.URLClassLoader,findClass,,ClassNotFoundException,,,,URLClassLoader.java,,findClass,NullPointerException
Hadoop,HADOOP-6172,ClassLoader.java,java.lang.ClassLoader,loadClass,,ClassNotFoundException,,,,ClassLoader.java,,loadClass,NoSuchMethodException
Hadoop,HADOOP-6172,Launcher.java,sun.misc.Launcher$AppClassLoader,loadClass,,ClassNotFoundException,,,,Launcher.java,,loadClass,ClassCastException
Hadoop,HADOOP-6172,ClassLoader.java,java.lang.ClassLoader,loadClassInternal,,ClassNotFoundException,,,,TestLocalFileSystem.java,,loadClassInternal,NumberFormatException
Hadoop,HADOOP-6177,TestLocalFileSystem.java,org.apache.hadoop.fs.TestLocalFileSystem,readFile,,AssertionFailedError,,,,TestChecksumFileSystem.java,,readFile,Shell$ExitCodeException
Hadoop,HADOOP-6177,TestChecksumFileSystem.java,org.apache.hadoop.fs.TestChecksumFileSystem,testVerifyChecksum,,AssertionFailedError,,,,TestTrash.java,,testVerifyChecksum,IllegalArgumentException
Hadoop,HADOOP-6180,TestTrash.java,org.apache.hadoop.fs.TestTrash,countSameDeletedFiles,,NullPointerException,,,,TestHDFSTrash.java,,countSameDeletedFiles,SecurityException
Hadoop,HADOOP-6180,TestTrash.java,org.apache.hadoop.fs.TestTrash,trashShell,,NullPointerException,,,,TestDecorator.java,,trashShell,EOFException
Hadoop,HADOOP-6180,TestHDFSTrash.java,org.apache.hadoop.hdfs.TestHDFSTrash,testTrash,,NullPointerException,,,,TestSetup.java,,testTrash,SocketException
Hadoop,HADOOP-6180,TestDecorator.java,junit.extensions.TestDecorator,basicRun,,NullPointerException,,,,TestSetup.java,,basicRun,InterruptedException
Hadoop,HADOOP-6180,TestSetup.java,junit.extensions.TestSetup$1,protect,,NullPointerException,,,,Class.java,,protect,LoginException
Hadoop,HADOOP-6180,TestSetup.java,junit.extensions.TestSetup,run,,NullPointerException,,,,ProgramDriver.java,,run,NoSuchMethodError
Hadoop,HADOOP-6257,Class.java,java.lang.Class,getMethod,,NoSuchMethodException,,,,ProgramDriver.java,,getMethod,AssertionError
Hadoop,HADOOP-6257,ProgramDriver.java,org.apache.hadoop.util.ProgramDriver$ProgramDescription,<init>,,NoSuchMethodException,,,,HdfsWithMRTestDriver.java,,<init>,KrbException
Hadoop,HADOOP-6257,ProgramDriver.java,org.apache.hadoop.util.ProgramDriver,addClass,,NoSuchMethodException,,,,Native Method,,addClass,RuntimeException
Hadoop,HADOOP-6257,HdfsWithMRTestDriver.java,org.apache.hadoop.test.HdfsWithMRTestDriver,<init>,,NoSuchMethodException,,,,NativeMethodAccessorImpl.java,,<init>,FileNotFoundException
Hadoop,HADOOP-6257,HdfsWithMRTestDriver.java,org.apache.hadoop.test.HdfsWithMRTestDriver,main,,NoSuchMethodException,,,,DelegatingMethodAccessorImpl.java,,main,
Hadoop,HADOOP-6257,Native Method,sun.reflect.NativeMethodAccessorImpl,invoke0,,NoSuchMethodException,,,,Method.java,,invoke0,
Hadoop,HADOOP-6257,NativeMethodAccessorImpl.java,sun.reflect.NativeMethodAccessorImpl,invoke,,NoSuchMethodException,,,,RunJar.java,,invoke,
Hadoop,HADOOP-6257,DelegatingMethodAccessorImpl.java,sun.reflect.DelegatingMethodAccessorImpl,invoke,,NoSuchMethodException,,,,HtmlQuoting.java,,invoke,
Hadoop,HADOOP-6257,Method.java,java.lang.reflect.Method,invoke,,NoSuchMethodException,,,,HttpServer.java,,invoke,
Hadoop,HADOOP-6257,RunJar.java,org.apache.hadoop.util.RunJar,main,,NoSuchMethodException,,,,NamenodeJspHelper.java,,main,
Hadoop,HADOOP-6281,HtmlQuoting.java,org.apache.hadoop.http.HtmlQuoting,quoteHtmlChars,,ClassCastException,,,,dfshealth_jsp.java,,quoteHtmlChars,
Hadoop,HADOOP-6281,HttpServer.java,org.apache.hadoop.http.HttpServer$QuotingInputFilter$RequestQuoter,getParameter,,ClassCastException,,,,GetImageServlet.java,,getParameter,
Hadoop,HADOOP-6281,NamenodeJspHelper.java,org.apache.hadoop.hdfs.server.namenode.NamenodeJspHelper$HealthJsp,generateHealthReport,,ClassCastException,,,,HttpServlet.java,,generateHealthReport,
Hadoop,HADOOP-6281,dfshealth_jsp.java,org.apache.hadoop.hdfs.server.namenode.dfshealth_jsp,_jspService,,ClassCastException,,,,ServletHolder.java,,_jspService,
Hadoop,HADOOP-6281,HttpServer.java,org.apache.hadoop.http.HttpServer$QuotingInputFilter$RequestQuoter,getParameterMap,,ClassCastException,,,,ServletHandler.java,,getParameterMap,
Hadoop,HADOOP-6281,GetImageServlet.java,org.apache.hadoop.hdfs.server.namenode.GetImageServlet,doGet,,ClassCastException,,,,HttpServer.java,,doGet,
Hadoop,HADOOP-6281,HttpServlet.java,javax.servlet.http.HttpServlet,service,,ClassCastException,,,,ServletHandler.java,,service,
Hadoop,HADOOP-6281,ServletHolder.java,org.mortbay.jetty.servlet.ServletHolder,handle,,ClassCastException,,,,SecurityHandler.java,,handle,
Hadoop,HADOOP-6281,ServletHandler.java,org.mortbay.jetty.servlet.ServletHandler$CachedChain,doFilter,,ClassCastException,,,,SessionHandler.java,,doFilter,
Hadoop,HADOOP-6281,HttpServer.java,org.apache.hadoop.http.HttpServer$QuotingInputFilter,doFilter,,ClassCastException,,,,ContextHandler.java,,doFilter,
Hadoop,HADOOP-6281,ServletHandler.java,org.mortbay.jetty.servlet.ServletHandler,handle,,ClassCastException,,,,WebAppContext.java,,handle,
Hadoop,HADOOP-6281,SecurityHandler.java,org.mortbay.jetty.security.SecurityHandler,handle,,ClassCastException,,,,ContextHandlerCollection.java,,handle,
Hadoop,HADOOP-6281,SessionHandler.java,org.mortbay.jetty.servlet.SessionHandler,handle,,ClassCastException,,,,HandlerWrapper.java,,handle,
Hadoop,HADOOP-6281,ContextHandler.java,org.mortbay.jetty.handler.ContextHandler,handle,,ClassCastException,,,,Server.java,,handle,
Hadoop,HADOOP-6281,WebAppContext.java,org.mortbay.jetty.webapp.WebAppContext,handle,,ClassCastException,,,,HttpConnection.java,,handle,
Hadoop,HADOOP-6281,ContextHandlerCollection.java,org.mortbay.jetty.handler.ContextHandlerCollection,handle,,ClassCastException,,,,HttpConnection.java,,handle,
Hadoop,HADOOP-6281,HandlerWrapper.java,org.mortbay.jetty.handler.HandlerWrapper,handle,,ClassCastException,,,,HttpParser.java,,handle,
Hadoop,HADOOP-6281,Server.java,org.mortbay.jetty.Server,handle,,ClassCastException,,,,SelectChannelEndPoint.java,,handle,
Hadoop,HADOOP-6281,HttpConnection.java,org.mortbay.jetty.HttpConnection,handleRequest,,ClassCastException,,,,QueuedThreadPool.java,,handleRequest,
Hadoop,HADOOP-6281,HttpConnection.java,org.mortbay.jetty.HttpConnection$RequestHandler,headerComplete,,ClassCastException,,,,NumberFormatException.java,,headerComplete,
Hadoop,HADOOP-6281,HttpParser.java,org.mortbay.jetty.HttpParser,parseNext,,ClassCastException,,,,Integer.java,,parseNext,
Hadoop,HADOOP-6281,HttpParser.java,org.mortbay.jetty.HttpParser,parseAvailable,,ClassCastException,,,,FileUtil.java,,parseAvailable,
Hadoop,HADOOP-6281,HttpConnection.java,org.mortbay.jetty.HttpConnection,handle,,ClassCastException,,,,ReplicaInfo.java,,handle,
Hadoop,HADOOP-6281,SelectChannelEndPoint.java,org.mortbay.io.nio.SelectChannelEndPoint,run,,ClassCastException,,,,FsckServlet.java,,run,
Hadoop,HADOOP-6281,QueuedThreadPool.java,org.mortbay.thread.QueuedThreadPool$PoolThread,run,,ClassCastException,,,,Shell.java,,run,
Hadoop,HADOOP-6283,NumberFormatException.java,java.lang.NumberFormatException,forInputString,,NumberFormatException,,,,Shell.java,,forInputString,
Hadoop,HADOOP-6283,Integer.java,java.lang.Integer,parseInt,,NumberFormatException,,,,RawLocalFileSystem.java,,parseInt,
Hadoop,HADOOP-6283,FileUtil.java,org.apache.hadoop.fs.FileUtil$HardLink,getLinkCount,,NumberFormatException,,,,FilterFileSystem.java,,getLinkCount,
Hadoop,HADOOP-6283,ReplicaInfo.java,org.apache.hadoop.hdfs.server.datanode.ReplicaInfo,detachBlock,,NumberFormatException,,,,FileSystem.java,,detachBlock,
Hadoop,HADOOP-6285,HttpServer.java,org.apache.hadoop.http.HttpServer$QuotingInputFilter$RequestQuoter,getParameterMap,,ClassCastException,,,,FileContext.java,,doGet,
Hadoop,HADOOP-6285,FsckServlet.java,org.apache.hadoop.hdfs.server.namenode.FsckServlet,doGet,,ClassCastException,,,,FileContextMainOperationsBaseTest.java,,runCommand,
Hadoop,HADOOP-6285,HttpServlet.java,javax.servlet.http.HttpServlet,service,,ClassCastException,,,,InetSocketAddress.java,,run,
Hadoop,HADOOP-6285,ServletHolder.java,org.mortbay.jetty.servlet.ServletHolder,handle,,ClassCastException,,,,NameNode.java,,execute,
Hadoop,HADOOP-6285,ServletHandler.java,org.mortbay.jetty.servlet.ServletHandler$CachedChain,doFilter,,ClassCastException,,,,MiniDFSCluster.java,,execCommand,
Hadoop,HADOOP-6285,HttpServer.java,org.apache.hadoop.http.HttpServer$QuotingInputFilter,doFilter,,ClassCastException,,,,TestEditLog.java,,execCommand,
Hadoop,HADOOP-6285,ServletHandler.java,org.mortbay.jetty.servlet.ServletHandler,handle,,ClassCastException,,,,Permissions.java,,setPermission,
Hadoop,HADOOP-6285,SecurityHandler.java,org.mortbay.jetty.security.SecurityHandler,handle,,ClassCastException,,,,Policy.java,,mkdirs,
Hadoop,HADOOP-6285,SessionHandler.java,org.mortbay.jetty.servlet.SessionHandler,handle,,ClassCastException,,,,JspRuntimeContext.java,,mkdirs,
Hadoop,HADOOP-6285,ContextHandler.java,org.mortbay.jetty.handler.ContextHandler,handle,,ClassCastException,,,,JspServlet.java,,primitiveMkdir,
Hadoop,HADOOP-6285,WebAppContext.java,org.mortbay.jetty.webapp.WebAppContext,handle,,ClassCastException,,,,AbstractLifeCycle.java,,mkdir,
Hadoop,HADOOP-6285,ContextHandlerCollection.java,org.mortbay.jetty.handler.ContextHandlerCollection,handle,,ClassCastException,,,,Context.java,,testWorkingDirectory,
Hadoop,HADOOP-6285,HandlerWrapper.java,org.mortbay.jetty.handler.HandlerWrapper,handle,,ClassCastException,,,,HandlerCollection.java,,<init>,
Hadoop,HADOOP-6285,Server.java,org.mortbay.jetty.Server,handle,,ClassCastException,,,,HttpServer.java,,startHttpServer,
Hadoop,HADOOP-6285,HttpConnection.java,org.mortbay.jetty.HttpConnection,handleRequest,,ClassCastException,,,,JobTracker.java,,activate,
Hadoop,HADOOP-6285,HttpConnection.java,org.mortbay.jetty.HttpConnection$RequestHandler,headerComplete,,ClassCastException,,,,Service.java,,initialize,
Hadoop,HADOOP-6285,HttpParser.java,org.mortbay.jetty.HttpParser,parseNext,,ClassCastException,,,,AccessControlContext.java,,<init>,
Hadoop,HADOOP-6285,HttpParser.java,org.mortbay.jetty.HttpParser,parseAvailable,,ClassCastException,,,,AccessController.java,,createNameNode,
Hadoop,HADOOP-6285,HttpConnection.java,org.mortbay.jetty.HttpConnection,handle,,ClassCastException,,,,ServiceAuthorizationManager.java,,<init>,
Hadoop,HADOOP-6285,SelectChannelEndPoint.java,org.mortbay.io.nio.SelectChannelEndPoint,run,,ClassCastException,,,,Subject.java,,testEditLog,
Hadoop,HADOOP-6285,QueuedThreadPool.java,org.mortbay.thread.QueuedThreadPool$PoolThread,run,,ClassCastException,,,,ServiceAuthorizationManager.java,,add,
Hadoop,HADOOP-6327,Shell.java,org.apache.hadoop.util.Shell,runCommand,,Shell$ExitCodeException,,,,TestConfiguredPolicy.java,,add,
Hadoop,HADOOP-6327,Shell.java,org.apache.hadoop.util.Shell,run,,Shell$ExitCodeException,,,,TestCase.java,,initSecurity,
Hadoop,HADOOP-6327,Shell.java,org.apache.hadoop.util.Shell$ShellCommandExecutor,execute,,Shell$ExitCodeException,,,,TestResult.java,,<init>,
Hadoop,HADOOP-6327,Shell.java,org.apache.hadoop.util.Shell,execCommand,,Shell$ExitCodeException,,,,TestResult.java,,init,
Hadoop,HADOOP-6327,RawLocalFileSystem.java,org.apache.hadoop.fs.RawLocalFileSystem,execCommand,,Shell$ExitCodeException,,,,TestSuite.java,,initServlet,
Hadoop,HADOOP-6327,RawLocalFileSystem.java,org.apache.hadoop.fs.RawLocalFileSystem,setPermission,,Shell$ExitCodeException,,,,JUnit38ClassRunner.java,,doStart,
Hadoop,HADOOP-6327,RawLocalFileSystem.java,org.apache.hadoop.fs.RawLocalFileSystem,mkdirs,,Shell$ExitCodeException,,,,JUnit4TestAdapter.java,,start,
Hadoop,HADOOP-6327,FilterFileSystem.java,org.apache.hadoop.fs.FilterFileSystem,mkdirs,,Shell$ExitCodeException,,,,JUnitTestRunner.java,,initialize,
Hadoop,HADOOP-6327,FileSystem.java,org.apache.hadoop.fs.FileSystem,primitiveMkdir,,Shell$ExitCodeException,,,,DistributedFileSystem.java,,startContext,
Hadoop,HADOOP-6327,FileContext.java,org.apache.hadoop.fs.FileContext,mkdir,,Shell$ExitCodeException,,,,DistCp.java,,startContext,
Hadoop,HADOOP-6327,FileContextMainOperationsBaseTest.java,org.apache.hadoop.fs.FileContextMainOperationsBaseTest,testWorkingDirectory,,Shell$ExitCodeException,,,,BlockDecompressorStream.java,,doStart,
Hadoop,HADOOP-6386,InetSocketAddress.java,java.net.InetSocketAddress,<init>,,IllegalArgumentException,,,,DecompressorStream.java,,doStart,
Hadoop,HADOOP-6386,NameNode.java,org.apache.hadoop.hdfs.server.namenode.NameNode,startHttpServer,,IllegalArgumentException,,,,InputStream.java,,doStart,
Hadoop,HADOOP-6386,NameNode.java,org.apache.hadoop.hdfs.server.namenode.NameNode,activate,,IllegalArgumentException,,,,LineReader.java,,doStart,
Hadoop,HADOOP-6386,NameNode.java,org.apache.hadoop.hdfs.server.namenode.NameNode,initialize,,IllegalArgumentException,,,,LineRecordReader.java,,doStart,
Hadoop,HADOOP-6386,NameNode.java,org.apache.hadoop.hdfs.server.namenode.NameNode,<init>,,IllegalArgumentException,,,,MapTask.java,,doStart,
Hadoop,HADOOP-6386,NameNode.java,org.apache.hadoop.hdfs.server.namenode.NameNode,createNameNode,,IllegalArgumentException,,,,MapRunner.java,,start,
Hadoop,HADOOP-6386,MiniDFSCluster.java,org.apache.hadoop.hdfs.MiniDFSCluster,<init>,,IllegalArgumentException,,,,PipeMapRunner.java,,innerStart,
Hadoop,HADOOP-6386,TestEditLog.java,org.apache.hadoop.hdfs.server.namenode.TestEditLog,testEditLog,,IllegalArgumentException,,,,MapTask.java,,start,
Hadoop,HADOOP-6452,Permissions.java,java.security.Permissions,add,,SecurityException,,,,Child.java,,checkPermission,
Hadoop,HADOOP-6452,Policy.java,java.security.Policy$UnsupportedEmptyCollection,add,,SecurityException,,,,Native Method,,checkPermission,
Hadoop,HADOOP-6452,JspRuntimeContext.java,org.apache.jasper.compiler.JspRuntimeContext,initSecurity,,SecurityException,,,,SocketChannelImpl.java,,run,
Hadoop,HADOOP-6452,JspRuntimeContext.java,org.apache.jasper.compiler.JspRuntimeContext,<init>,,SecurityException,,,,SocketIOWithTimeout.java,,doAs,
Hadoop,HADOOP-6452,JspServlet.java,org.apache.jasper.servlet.JspServlet,init,,SecurityException,,,,NetUtils.java,,checkPermission,
Hadoop,HADOOP-6452,ServletHolder.java,org.mortbay.jetty.servlet.ServletHolder,initServlet,,SecurityException,,,,TestNetUtils.java,,authorize,
Hadoop,HADOOP-6452,ServletHolder.java,org.mortbay.jetty.servlet.ServletHolder,doStart,,SecurityException,,,,AbstractQueuedSynchronizer.java,,testConfiguredPolicy,
Hadoop,HADOOP-6452,AbstractLifeCycle.java,org.mortbay.component.AbstractLifeCycle,start,,SecurityException,,,,FutureTask.java,,runTest,
Hadoop,HADOOP-6452,ServletHandler.java,org.mortbay.jetty.servlet.ServletHandler,initialize,,SecurityException,,,,FutureTask.java,,runBare,
Hadoop,HADOOP-6452,Context.java,org.mortbay.jetty.servlet.Context,startContext,,SecurityException,,,,Client.java,,protect,
Hadoop,HADOOP-6452,WebAppContext.java,org.mortbay.jetty.webapp.WebAppContext,startContext,,SecurityException,,,,Client.java,,runProtected,
Hadoop,HADOOP-6452,ContextHandler.java,org.mortbay.jetty.handler.ContextHandler,doStart,,SecurityException,,,,RPC.java,,run,
Hadoop,HADOOP-6452,WebAppContext.java,org.mortbay.jetty.webapp.WebAppContext,doStart,,SecurityException,,,,Unknown Source,,run,
Hadoop,HADOOP-6452,HandlerCollection.java,org.mortbay.jetty.handler.HandlerCollection,doStart,,SecurityException,,,,JobClient.java,,runTest,
Hadoop,HADOOP-6452,ContextHandlerCollection.java,org.mortbay.jetty.handler.ContextHandlerCollection,doStart,,SecurityException,,,,Job.java,,run,
Hadoop,HADOOP-6452,HandlerWrapper.java,org.mortbay.jetty.handler.HandlerWrapper,doStart,,SecurityException,,,,JobMonitor.java,,run,
Hadoop,HADOOP-6452,Server.java,org.mortbay.jetty.Server,doStart,,SecurityException,,,,UserGroupInformation.java,,run,
Hadoop,HADOOP-6452,HttpServer.java,org.apache.hadoop.http.HttpServer,start,,SecurityException,,,,FileSystem.java,,run,
Hadoop,HADOOP-6452,JobTracker.java,org.apache.hadoop.mapred.JobTracker,innerStart,,SecurityException,,,,FileSystem.java,,launch,
Hadoop,HADOOP-6452,Service.java,org.apache.hadoop.util.Service,start,,SecurityException,,,,JobConf.java,,main,
Hadoop,HADOOP-6452,AccessControlContext.java,java.security.AccessControlContext,checkPermission,,SecurityException,,,,System.java,,assertWriteable,
Hadoop,HADOOP-6452,AccessController.java,java.security.AccessController,checkPermission,,SecurityException,,,,UnixSystem.java,,testPolicyWriteable,
Hadoop,HADOOP-6452,ServiceAuthorizationManager.java,org.apache.hadoop.security.authorize.ServiceAuthorizationManager$1,run,,SecurityException,,,,UnixLoginModule.java,,checkPath,
Hadoop,HADOOP-6452,Native Method,java.security.AccessController,doPrivileged,,SecurityException,,,,LoginContext.java,,checkPath,
Hadoop,HADOOP-6452,Subject.java,javax.security.auth.Subject,doAs,,SecurityException,,,,LoginContext.java,,getPathName,
Hadoop,HADOOP-6452,ServiceAuthorizationManager.java,org.apache.hadoop.security.authorize.ServiceAuthorizationManager,checkPermission,,SecurityException,,,,FileOutputFormat.java,,getFileChecksum,
Hadoop,HADOOP-6452,ServiceAuthorizationManager.java,org.apache.hadoop.security.authorize.ServiceAuthorizationManager,authorize,,SecurityException,,,,Unknown Source,,getFileChecksum,
Hadoop,HADOOP-6452,TestConfiguredPolicy.java,org.apache.hadoop.security.authorize.TestConfiguredPolicy,testConfiguredPolicy,,SecurityException,,,,Unknown Source,,sameFile,
Hadoop,HADOOP-6452,Native Method,sun.reflect.NativeMethodAccessorImpl,invoke0,,SecurityException,,,,Krb5LoginModule.java,,setup,
Hadoop,HADOOP-6452,NativeMethodAccessorImpl.java,sun.reflect.NativeMethodAccessorImpl,invoke,,SecurityException,,,,MapFile.java,,rawReadInt,
Hadoop,HADOOP-6452,DelegatingMethodAccessorImpl.java,sun.reflect.DelegatingMethodAccessorImpl,invoke,,SecurityException,,,,SetFile.java,,getCompressedData,
Hadoop,HADOOP-6452,Method.java,java.lang.reflect.Method,invoke,,SecurityException,,,,TestSetFile.java,,decompress,
Hadoop,HADOOP-6452,TestCase.java,junit.framework.TestCase,runTest,,SecurityException,,,,TestDU.java,,read,
Hadoop,HADOOP-6452,TestCase.java,junit.framework.TestCase,runBare,,SecurityException,,,,ChecksumFileSystem.java,,read,
Hadoop,HADOOP-6452,TestResult.java,junit.framework.TestResult$1,protect,,SecurityException,,,,PathData.java,,readLine,
Hadoop,HADOOP-6452,TestResult.java,junit.framework.TestResult,runProtected,,SecurityException,,,,TestFilterFileSystem.java,,next,
Hadoop,HADOOP-6452,TestResult.java,junit.framework.TestResult,run,,SecurityException,,,,JUnit4TestSet.java,,moveToNext,
Hadoop,HADOOP-6452,TestCase.java,junit.framework.TestCase,run,,SecurityException,,,,AbstractDirectoryTestSuite.java,,next,
Hadoop,HADOOP-6452,TestSuite.java,junit.framework.TestSuite,runTest,,SecurityException,,,,Surefire.java,,run,
Hadoop,HADOOP-6452,TestSuite.java,junit.framework.TestSuite,run,,SecurityException,,,,SurefireBooter.java,,run,
Hadoop,HADOOP-6452,JUnit38ClassRunner.java,org.junit.internal.runners.JUnit38ClassRunner,run,,SecurityException,,,,Native Method,,run,
Hadoop,HADOOP-6452,JUnit4TestAdapter.java,junit.framework.JUnit4TestAdapter,run,,SecurityException,,,,SecureClassLoader.java,,main,
Hadoop,HADOOP-6452,JUnitTestRunner.java,org.apache.tools.ant.taskdefs.optional.junit.JUnitTestRunner,run,,SecurityException,,,,TypeBase.java,,connect,
Hadoop,HADOOP-6452,JUnitTestRunner.java,org.apache.tools.ant.taskdefs.optional.junit.JUnitTestRunner,launch,,SecurityException,,,,SimpleType.java,,connect,
Hadoop,HADOOP-6452,JUnitTestRunner.java,org.apache.tools.ant.taskdefs.optional.junit.JUnitTestRunner,main,,SecurityException,,,,TypeBindings.java,,connect,
Hadoop,HADOOP-6452,TestConfiguredPolicy.java,org.apache.hadoop.security.authorize.TestConfiguredPolicy,assertWriteable,,SecurityException,,,,TypeFactory.java,,connect,
Hadoop,HADOOP-6452,TestConfiguredPolicy.java,org.apache.hadoop.security.authorize.TestConfiguredPolicy,testPolicyWriteable,,SecurityException,,,,ObjectMapper.java,,testAvoidLoopbackTcpSockets,
Hadoop,HADOOP-6558,FileSystem.java,org.apache.hadoop.fs.FileSystem,checkPath,,IllegalArgumentException,,,,TestConfiguration.java,,acquireSharedInterruptibly,
Hadoop,HADOOP-6558,DistributedFileSystem.java,org.apache.hadoop.hdfs.DistributedFileSystem,checkPath,,IllegalArgumentException,,,,ReflectionUtils.java,,innerGet,
Hadoop,HADOOP-6558,DistributedFileSystem.java,org.apache.hadoop.hdfs.DistributedFileSystem,getPathName,,IllegalArgumentException,,,,WritableFactories.java,,get,
Hadoop,HADOOP-6558,DistributedFileSystem.java,org.apache.hadoop.hdfs.DistributedFileSystem,getFileChecksum,,IllegalArgumentException,,,,ObjectWritable.java,,sendParam,
Hadoop,HADOOP-6558,FilterFileSystem.java,org.apache.hadoop.fs.FilterFileSystem,getFileChecksum,,IllegalArgumentException,,,,RPC.java,,call,
Hadoop,HADOOP-6558,DistCp.java,org.apache.hadoop.tools.DistCp,sameFile,,IllegalArgumentException,,,,Server.java,,invoke,
Hadoop,HADOOP-6558,DistCp.java,org.apache.hadoop.tools.DistCp,setup,,IllegalArgumentException,,,,Server.java,,getJobStatus,
Hadoop,HADOOP-6663,BlockDecompressorStream.java,org.apache.hadoop.io.compress.BlockDecompressorStream,rawReadInt,,EOFException,,,,Server.java,,updateStatus,
Hadoop,HADOOP-6663,BlockDecompressorStream.java,org.apache.hadoop.io.compress.BlockDecompressorStream,getCompressedData,,EOFException,,,,CommandWithDestination.java,,isSuccessful,
Hadoop,HADOOP-6663,BlockDecompressorStream.java,org.apache.hadoop.io.compress.BlockDecompressorStream,decompress,,EOFException,,,,Command.java,,isSuccessful,
Hadoop,HADOOP-6663,DecompressorStream.java,org.apache.hadoop.io.compress.DecompressorStream,read,,EOFException,,,,FsShell.java,,process,
Hadoop,HADOOP-6663,InputStream.java,java.io.InputStream,read,,EOFException,,,,ToolRunner.java,,run,
Hadoop,HADOOP-6663,LineReader.java,org.apache.hadoop.util.LineReader,readLine,,EOFException,,,,FileContext.java,,loadClassHelper,
Hadoop,HADOOP-6663,LineRecordReader.java,org.apache.hadoop.mapred.LineRecordReader,next,,EOFException,,,,FileContext.java,,getLoginUser,
Hadoop,HADOOP-6663,MapTask.java,org.apache.hadoop.mapred.MapTask$TrackedRecordReader,moveToNext,,EOFException,,,,FileContextTestHelper.java,,getCurrentUser,
Hadoop,HADOOP-6663,MapTask.java,org.apache.hadoop.mapred.MapTask$TrackedRecordReader,next,,EOFException,,,,ViewFsBaseTest.java,,<init>,
Hadoop,HADOOP-6663,MapRunner.java,org.apache.hadoop.mapred.MapRunner,run,,EOFException,,,,User.java,,get,
Hadoop,HADOOP-6663,PipeMapRunner.java,org.apache.hadoop.streaming.PipeMapRunner,run,,EOFException,,,,OfflineEditsViewerHelper.java,,getWorkingDirectory,
Hadoop,HADOOP-6663,MapTask.java,org.apache.hadoop.mapred.MapTask,run,,EOFException,,,,TestOfflineEditsViewer.java,,loadLibraryWithPath,
Hadoop,HADOOP-6663,Child.java,org.apache.hadoop.mapred.Child,main,,EOFException,,,,NodeStatusUpdaterImpl.java,,loadLibraryWithClassLoader,
Hadoop,HADOOP-6747,Native Method,sun.nio.ch.Net,connect,,SocketException,,,,CompositeService.java,,loadLibrary,
Hadoop,HADOOP-6747,SocketChannelImpl.java,sun.nio.ch.SocketChannelImpl,connect,,SocketException,,,,NodeManager.java,,<init>,
Hadoop,HADOOP-6747,SocketIOWithTimeout.java,org.apache.hadoop.net.SocketIOWithTimeout,connect,,SocketException,,,,ResourceTrackerPBClientImpl.java,,login,
Hadoop,HADOOP-6747,NetUtils.java,org.apache.hadoop.net.NetUtils,connect,,SocketException,,,,ProtoOverHadoopRpcEngine.java,,invoke,
Hadoop,HADOOP-6747,TestNetUtils.java,org.apache.hadoop.net.TestNetUtils,testAvoidLoopbackTcpSockets,,SocketException,,,,Unknown Source,,access$000,
Hadoop,HADOOP-6762,AbstractQueuedSynchronizer.java,java.util.concurrent.locks.AbstractQueuedSynchronizer,acquireSharedInterruptibly,,InterruptedException,,,,Client.java,,run,
Hadoop,HADOOP-6762,FutureTask.java,java.util.concurrent.FutureTask$Sync,innerGet,,InterruptedException,,,,GssKrb5Client.java,,invokeCreatorPriv,
Hadoop,HADOOP-6762,FutureTask.java,java.util.concurrent.FutureTask,get,,InterruptedException,,,,SaslRpcClient.java,,login,
Hadoop,HADOOP-6762,Client.java,org.apache.hadoop.ipc.Client$Connection,sendParam,,InterruptedException,,,,Krb5Context.java,,setOutputPath,
Hadoop,HADOOP-6762,Client.java,org.apache.hadoop.ipc.Client,call,,InterruptedException,,,,GSSContextImpl.java,,configureOutput,
Hadoop,HADOOP-6762,RPC.java,org.apache.hadoop.ipc.RPC$Invoker,invoke,,InterruptedException,,,,KrbTgsRep.java,,main,
Hadoop,HADOOP-6762,Unknown Source,org.apache.hadoop.mapred.$Proxy10,getJobStatus,,InterruptedException,,,,KrbTgsReq.java,,promptForPass,
Hadoop,HADOOP-6762,JobClient.java,org.apache.hadoop.mapred.JobClient$NetworkedJob,updateStatus,,InterruptedException,,,,CredentialsUtil.java,,<init>,
Hadoop,HADOOP-6762,JobClient.java,org.apache.hadoop.mapred.JobClient$NetworkedJob,isSuccessful,,InterruptedException,,,,Credentials.java,,<init>,
Hadoop,HADOOP-6762,Job.java,org.apache.hadoop.mapreduce.Job,isSuccessful,,InterruptedException,,,,KDCRep.java,,writeTest,
Hadoop,HADOOP-6762,JobMonitor.java,org.apache.hadoop.mapred.gridmix.JobMonitor$MonitorThread,process,,InterruptedException,,,,TGSRep.java,,testSetFile,
Hadoop,HADOOP-6762,JobMonitor.java,org.apache.hadoop.mapred.gridmix.JobMonitor$MonitorThread,run,,InterruptedException,,,,Assert.java,,testDU,
Hadoop,HADOOP-6941,URLClassLoader.java,java.net.URLClassLoader,findClass,,LoginException,,,,TestFSInputChecker.java,,listStatus,
Hadoop,HADOOP-6941,ClassLoader.java,java.lang.ClassLoader,loadClass,,LoginException,,,,Configuration.java,,listStatus,
Hadoop,HADOOP-6941,Launcher.java,sun.misc.Launcher$AppClassLoader,loadClass,,LoginException,,,,ProxyFileSystem.java,,getDirectoryContents,
Hadoop,HADOOP-6941,ClassLoader.java,java.lang.ClassLoader,loadClassHelper,,LoginException,,,,FileUtil.java,,getDeclaredMethod,
Hadoop,HADOOP-6941,UserGroupInformation.java,org.apache.hadoop.security.UserGroupInformation,getLoginUser,,LoginException,,,,TestViewFsTrash.java,,testFilterFileSystem,
Hadoop,HADOOP-6941,UserGroupInformation.java,org.apache.hadoop.security.UserGroupInformation,getCurrentUser,,LoginException,,,,InodeTree.java,,execute,
Hadoop,HADOOP-6941,FileSystem.java,org.apache.hadoop.fs.FileSystem$Cache$Key,<init>,,LoginException,,,,ViewFileSystem.java,,executeTestSet,
Hadoop,HADOOP-6941,FileSystem.java,org.apache.hadoop.fs.FileSystem$Cache,get,,LoginException,,,,FSMainOperationsBaseTest.java,,execute,
Hadoop,HADOOP-6941,JobConf.java,org.apache.hadoop.mapred.JobConf,getWorkingDirectory,,LoginException,,,,TestFSMainOperationsLocalFileSystem.java,,run,
Hadoop,HADOOP-6941,ClassLoader.java,java.lang.ClassLoader,loadLibraryWithPath,,LoginException,,,,Proxy.java,,runSuitesInProcess,
Hadoop,HADOOP-6941,ClassLoader.java,java.lang.ClassLoader,loadLibraryWithClassLoader,,LoginException,,,,EditLogBackupOutputStream.java,,main,
Hadoop,HADOOP-6941,System.java,java.lang.System,loadLibrary,,LoginException,,,,JournalSet.java,,defineClass1,
Hadoop,HADOOP-6941,UnixSystem.java,com.sun.security.auth.module.UnixSystem,<init>,,LoginException,,,,FSEditLog.java,,defineClassCond,
Hadoop,HADOOP-6941,UnixLoginModule.java,com.sun.security.auth.module.UnixLoginModule,login,,LoginException,,,,FSNamesystem.java,,defineClass,
Hadoop,HADOOP-6941,Native Method,sun.reflect.NativeMethodAccessorImpl,invoke0,,LoginException,,,,NameNodeRpcServer.java,,defineClass,
Hadoop,HADOOP-6941,NativeMethodAccessorImpl.java,sun.reflect.NativeMethodAccessorImpl,invoke,,LoginException,,,,NamenodeProtocolServerSideTranslatorPB.java,,defineClass,
Hadoop,HADOOP-6941,DelegatingMethodAccessorImpl.java,sun.reflect.DelegatingMethodAccessorImpl,invoke,,LoginException,,,,NamenodeProtocolProtos.java,,access$000,
Hadoop,HADOOP-6941,Method.java,java.lang.reflect.Method,invoke,,LoginException,,,,ProtobufRpcEngine.java,,initialize,
Hadoop,HADOOP-6941,LoginContext.java,javax.security.auth.login.LoginContext,invoke,,LoginException,,,,RPC.java,,setConfiguration,
Hadoop,HADOOP-6941,LoginContext.java,javax.security.auth.login.LoginContext,access$000,,LoginException,,,,Server.java,,main,
Hadoop,HADOOP-6941,LoginContext.java,javax.security.auth.login.LoginContext$5,run,,LoginException,,,,LauncherMapper.java,,<init>,
Hadoop,HADOOP-6941,AccessController.java,java.security.AccessController,doPrivileged,,LoginException,,,,Runtime.java,,<init>,
Hadoop,HADOOP-6941,LoginContext.java,javax.security.auth.login.LoginContext,invokeCreatorPriv,,LoginException,,,,LauncherMapper.java,,<clinit>,
Hadoop,HADOOP-6941,LoginContext.java,javax.security.auth.login.LoginContext,login,,LoginException,,,,YarnChild.java,,_fromType,
Hadoop,HADOOP-6941,FileOutputFormat.java,org.apache.hadoop.mapred.FileOutputFormat,setOutputPath,,LoginException,,,,YarnChild.java,,type,
Hadoop,HADOOP-6941,Unknown Source,com.gce.mapreduce.dataimport.hbase.HBaseImportable,configureOutput,,LoginException,,,,,,<clinit>,
Hadoop,HADOOP-6941,Unknown Source,com.gce.mapreduce.dataimport.Main,main,,LoginException,,,,,,testDumpConfiguration,
Hadoop,HADOOP-6947,Krb5LoginModule.java,com.sun.security.auth.module.Krb5LoginModule,promptForPass,,LoginException,,,,,,newInstance,
Hadoop,HADOOP-6989,MapFile.java,org.apache.hadoop.io.MapFile$Writer,<init>,,IllegalArgumentException,,,,,,newInstance,
Hadoop,HADOOP-6989,SetFile.java,org.apache.hadoop.io.SetFile$Writer,<init>,,IllegalArgumentException,,,,,,readObject,
Hadoop,HADOOP-6989,TestSetFile.java,org.apache.hadoop.io.TestSetFile,writeTest,,IllegalArgumentException,,,,,,readFields,
Hadoop,HADOOP-6989,TestSetFile.java,org.apache.hadoop.io.TestSetFile,testSetFile,,IllegalArgumentException,,,,,,processData,
Hadoop,HADOOP-7045,TestDU.java,org.apache.hadoop.fs.TestDU,testDU,,AssertionFailedError,,,,,,processOneRpc,
Hadoop,HADOOP-7327,FileSystem.java,org.apache.hadoop.fs.FileSystem,listStatus,,NullPointerException,,,,,,readAndProcess,
Hadoop,HADOOP-7327,ChecksumFileSystem.java,org.apache.hadoop.fs.ChecksumFileSystem,listStatus,,NullPointerException,,,,,,doRead,
Hadoop,HADOOP-7327,PathData.java,org.apache.hadoop.fs.shell.PathData,getDirectoryContents,,NullPointerException,,,,,,run,
Hadoop,HADOOP-7523,Class.java,java.lang.Class,getDeclaredMethod,,NoSuchMethodException,,,,,,getConstructor0,
Hadoop,HADOOP-7523,TestFilterFileSystem.java,org.apache.hadoop.fs.TestFilterFileSystem,testFilterFileSystem,,NoSuchMethodException,,,,,,getDeclaredConstructor,
Hadoop,HADOOP-7523,Native Method,sun.reflect.NativeMethodAccessorImpl,invoke0,,NoSuchMethodException,,,,,,getPathDataForChild,
Hadoop,HADOOP-7523,NativeMethodAccessorImpl.java,sun.reflect.NativeMethodAccessorImpl,invoke,,NoSuchMethodException,,,,,,processPaths,
Hadoop,HADOOP-7523,DelegatingMethodAccessorImpl.java,sun.reflect.DelegatingMethodAccessorImpl,invoke,,NoSuchMethodException,,,,,,recursePath,
Hadoop,HADOOP-7523,Method.java,java.lang.reflect.Method,invoke,,NoSuchMethodException,,,,,,processPaths,
Hadoop,HADOOP-7523,TestCase.java,junit.framework.TestCase,runTest,,NoSuchMethodException,,,,,,processPathArgument,
Hadoop,HADOOP-7523,TestCase.java,junit.framework.TestCase,runBare,,NoSuchMethodException,,,,,,processArgument,
Hadoop,HADOOP-7523,TestResult.java,junit.framework.TestResult$1,protect,,NoSuchMethodException,,,,,,processArguments,
Hadoop,HADOOP-7523,TestResult.java,junit.framework.TestResult,runProtected,,NoSuchMethodException,,,,,,processArguments,
Hadoop,HADOOP-7523,TestResult.java,junit.framework.TestResult,run,,NoSuchMethodException,,,,,,processRawArguments,
Hadoop,HADOOP-7523,TestCase.java,junit.framework.TestCase,run,,NoSuchMethodException,,,,,,run,
Hadoop,HADOOP-7523,TestSuite.java,junit.framework.TestSuite,runTest,,NoSuchMethodException,,,,,,run,
Hadoop,HADOOP-7523,TestSuite.java,junit.framework.TestSuite,run,,NoSuchMethodException,,,,,,run,
Hadoop,HADOOP-7523,JUnit38ClassRunner.java,org.junit.internal.runners.JUnit38ClassRunner,run,,NoSuchMethodException,,,,,,main,
Hadoop,HADOOP-7523,JUnit4TestSet.java,org.apache.maven.surefire.junit4.JUnit4TestSet,execute,,NoSuchMethodException,,,,,,qualifySymlinkTarget,
Hadoop,HADOOP-7523,AbstractDirectoryTestSuite.java,org.apache.maven.surefire.suite.AbstractDirectoryTestSuite,executeTestSet,,NoSuchMethodException,,,,,,access$000,
Hadoop,HADOOP-7523,AbstractDirectoryTestSuite.java,org.apache.maven.surefire.suite.AbstractDirectoryTestSuite,execute,,NoSuchMethodException,,,,,,next,
Hadoop,HADOOP-7523,Surefire.java,org.apache.maven.surefire.Surefire,run,,NoSuchMethodException,,,,,,resolve,
Hadoop,HADOOP-7523,SurefireBooter.java,org.apache.maven.surefire.booter.SurefireBooter,runSuitesInProcess,,NoSuchMethodException,,,,,,getFileLinkStatus,
Hadoop,HADOOP-7523,SurefireBooter.java,org.apache.maven.surefire.booter.SurefireBooter,main,,NoSuchMethodException,,,,,,checkFileLinkStatus,
Hadoop,HADOOP-7563,Native Method,java.lang.ClassLoader,defineClass1,,ClassNotFoundException,,,,,,testgetFileLinkStatus,
Hadoop,HADOOP-7563,ClassLoader.java,java.lang.ClassLoader,defineClassCond,,ClassNotFoundException,,,,,,<init>,
Hadoop,HADOOP-7563,ClassLoader.java,java.lang.ClassLoader,defineClass,,ClassNotFoundException,,,,,,createRemoteUser,
Hadoop,HADOOP-7563,SecureClassLoader.java,java.security.SecureClassLoader,defineClass,,ClassNotFoundException,,,,,,runOperations,
Hadoop,HADOOP-7563,URLClassLoader.java,java.net.URLClassLoader,defineClass,,ClassNotFoundException,,,,,,generateEdits,
Hadoop,HADOOP-7563,URLClassLoader.java,java.net.URLClassLoader,access$000,,ClassNotFoundException,,,,,,testGenerated,
Hadoop,HADOOP-7563,URLClassLoader.java,java.net.URLClassLoader$1,run,,ClassNotFoundException,,,,,,start,
Hadoop,HADOOP-7563,Native Method,java.security.AccessController,doPrivileged,,ClassNotFoundException,,,,,,start,
Hadoop,HADOOP-7563,URLClassLoader.java,java.net.URLClassLoader,findClass,,ClassNotFoundException,,,,,,start,
Hadoop,HADOOP-7563,ClassLoader.java,java.lang.ClassLoader,loadClass,,ClassNotFoundException,,,,,,main,
Hadoop,HADOOP-7563,Launcher.java,sun.misc.Launcher$AppClassLoader,loadClass,,ClassNotFoundException,,,,,,registerNodeManager,
Hadoop,HADOOP-7563,UserGroupInformation.java,org.apache.hadoop.security.UserGroupInformation,initialize,,ClassNotFoundException,,,,,,registerWithRM,
Hadoop,HADOOP-7563,UserGroupInformation.java,org.apache.hadoop.security.UserGroupInformation,setConfiguration,,ClassNotFoundException,,,,,,invoke,
Hadoop,HADOOP-7563,NameNode.java,org.apache.hadoop.hdfs.server.namenode.NameNode,initialize,,ClassNotFoundException,,,,,,registerNodeManager,
Hadoop,HADOOP-7563,NameNode.java,org.apache.hadoop.hdfs.server.namenode.NameNode,<init>,,ClassNotFoundException,,,,,,wrapException,
Hadoop,HADOOP-7563,NameNode.java,org.apache.hadoop.hdfs.server.namenode.NameNode,createNameNode,,ClassNotFoundException,,,,,,run,
Hadoop,HADOOP-7563,NameNode.java,org.apache.hadoop.hdfs.server.namenode.NameNode,main,,ClassNotFoundException,,,,,,doAs,
Hadoop,HADOOP-7606,TypeBase.java,org.codehaus.jackson.map.type.TypeBase,<init>,,NoSuchMethodError,,,,,,handleSaslConnectionFailure,
Hadoop,HADOOP-7606,SimpleType.java,org.codehaus.jackson.map.type.SimpleType,<init>,,NoSuchMethodError,,,,,,setupIOstreams,
Hadoop,HADOOP-7606,TypeBindings.java,org.codehaus.jackson.map.type.TypeBindings,<clinit>,,NoSuchMethodError,,,,,,access$2000,
Hadoop,HADOOP-7606,TypeFactory.java,org.codehaus.jackson.map.type.TypeFactory,_fromType,,NoSuchMethodError,,,,,,getConnection,
Hadoop,HADOOP-7606,TypeFactory.java,org.codehaus.jackson.map.type.TypeFactory,type,,NoSuchMethodError,,,,,,evaluateChallenge,
Hadoop,HADOOP-7606,ObjectMapper.java,org.codehaus.jackson.map.ObjectMapper,<clinit>,,NoSuchMethodError,,,,,,saslConnect,
Hadoop,HADOOP-7606,TestConfiguration.java,org.apache.hadoop.conf.TestConfiguration,testDumpConfiguration,,NoSuchMethodError,,,,,,setupSaslConnection,
Hadoop,HADOOP-7606,Native Method,sun.reflect.NativeMethodAccessorImpl,invoke0,,NoSuchMethodError,,,,,,access$1200,
Hadoop,HADOOP-7606,NativeMethodAccessorImpl.java,sun.reflect.NativeMethodAccessorImpl,invoke,,NoSuchMethodError,,,,,,initSecContext,
Hadoop,HADOOP-7606,DelegatingMethodAccessorImpl.java,sun.reflect.DelegatingMethodAccessorImpl,invoke,,NoSuchMethodError,,,,,,initSecContext,
Hadoop,HADOOP-7606,Method.java,java.lang.reflect.Method,invoke,,NoSuchMethodError,,,,,,<init>,
Hadoop,HADOOP-7606,TestCase.java,junit.framework.TestCase,runTest,,NoSuchMethodError,,,,,,getReply,
Hadoop,HADOOP-7606,TestCase.java,junit.framework.TestCase,runBare,,NoSuchMethodError,,,,,,serviceCreds,
Hadoop,HADOOP-7606,TestResult.java,junit.framework.TestResult$1,protect,,NoSuchMethodError,,,,,,acquireServiceCreds,
Hadoop,HADOOP-7606,TestResult.java,junit.framework.TestResult,runProtected,,NoSuchMethodError,,,,,,acquireServiceCreds,
Hadoop,HADOOP-7606,TestResult.java,junit.framework.TestResult,run,,NoSuchMethodError,,,,,,init,
Hadoop,HADOOP-7606,TestCase.java,junit.framework.TestCase,run,,NoSuchMethodError,,,,,,init,
Hadoop,HADOOP-7606,TestSuite.java,junit.framework.TestSuite,runTest,,NoSuchMethodError,,,,,,<init>,
Hadoop,HADOOP-7606,TestSuite.java,junit.framework.TestSuite,run,,NoSuchMethodError,,,,,,fail,
Hadoop,HADOOP-7606,JUnit38ClassRunner.java,org.junit.internal.runners.JUnit38ClassRunner,run,,NoSuchMethodError,,,,,,failNotEquals,
Hadoop,HADOOP-7606,JUnit4TestSet.java,org.apache.maven.surefire.junit4.JUnit4TestSet,execute,,NoSuchMethodError,,,,,,assertEquals,
Hadoop,HADOOP-7606,AbstractDirectoryTestSuite.java,org.apache.maven.surefire.suite.AbstractDirectoryTestSuite,executeTestSet,,NoSuchMethodError,,,,,,checkSkip,
Hadoop,HADOOP-7606,AbstractDirectoryTestSuite.java,org.apache.maven.surefire.suite.AbstractDirectoryTestSuite,execute,,NoSuchMethodError,,,,,,testChecker,
Hadoop,HADOOP-7606,Surefire.java,org.apache.maven.surefire.Surefire,run,,NoSuchMethodError,,,,,,loadResource,
Hadoop,HADOOP-7606,SurefireBooter.java,org.apache.maven.surefire.booter.SurefireBooter,runSuitesInProcess,,NoSuchMethodError,,,,,,loadResources,
Hadoop,HADOOP-7606,SurefireBooter.java,org.apache.maven.surefire.booter.SurefireBooter,main,,NoSuchMethodError,,,,,,getProps,
Hadoop,HADOOP-7629,ReflectionUtils.java,org.apache.hadoop.util.ReflectionUtils,newInstance,,NoSuchMethodException,,,,,,set,
Hadoop,HADOOP-7629,WritableFactories.java,org.apache.hadoop.io.WritableFactories,newInstance,,NoSuchMethodException,,,,,,getDefaultBlockSize,
Hadoop,HADOOP-7629,ObjectWritable.java,org.apache.hadoop.io.ObjectWritable,readObject,,NoSuchMethodException,,,,,,getFileStatus,
Hadoop,HADOOP-7629,RPC.java,org.apache.hadoop.ipc.RPC$Invocation,readFields,,NoSuchMethodException,,,,,,getFileStatus,
Hadoop,HADOOP-7629,Server.java,org.apache.hadoop.ipc.Server$Connection,processData,,NoSuchMethodException,,,,,,getFileStatus,
Hadoop,HADOOP-7629,Server.java,org.apache.hadoop.ipc.Server$Connection,processOneRpc,,NoSuchMethodException,,,,,,exists,
Hadoop,HADOOP-7629,Server.java,org.apache.hadoop.ipc.Server$Connection,readAndProcess,,NoSuchMethodException,,,,,,checkDest,
Hadoop,HADOOP-7629,Server.java,org.apache.hadoop.ipc.Server$Listener,doRead,,NoSuchMethodException,,,,,,copy,
Hadoop,HADOOP-7629,Server.java,org.apache.hadoop.ipc.Server$Listener$Reader,run,,NoSuchMethodException,,,,,,testTrash,
Hadoop,HADOOP-7629,Class.java,java.lang.Class,getConstructor0,,NoSuchMethodException,,,,,,resolve,
Hadoop,HADOOP-7629,Class.java,java.lang.Class,getDeclaredConstructor,,NoSuchMethodException,,,,,,mkdirs,
Hadoop,HADOOP-7771,PathData.java,org.apache.hadoop.fs.shell.PathData,getPathDataForChild,,NullPointerException,,,,,,mkdirs,
Hadoop,HADOOP-7771,CommandWithDestination.java,org.apache.hadoop.fs.shell.CommandWithDestination,processPaths,,NullPointerException,,,,,,setUp,
Hadoop,HADOOP-7771,Command.java,org.apache.hadoop.fs.shell.Command,recursePath,,NullPointerException,,,,,,setUp,
Hadoop,HADOOP-7771,Command.java,org.apache.hadoop.fs.shell.Command,processPaths,,NullPointerException,,,,,,getInvocationHandler,
Hadoop,HADOOP-7771,Command.java,org.apache.hadoop.fs.shell.Command,processPathArgument,,NullPointerException,,,,,,abort,
Hadoop,HADOOP-7771,Command.java,org.apache.hadoop.fs.shell.Command,processArgument,,NullPointerException,,,,,,remove,
Hadoop,HADOOP-7771,Command.java,org.apache.hadoop.fs.shell.Command,processArguments,,NullPointerException,,,,,,releaseBackupStream,
Hadoop,HADOOP-7771,CommandWithDestination.java,org.apache.hadoop.fs.shell.CommandWithDestination,processArguments,,NullPointerException,,,,,,releaseBackupNode,
Hadoop,HADOOP-7771,Command.java,org.apache.hadoop.fs.shell.Command,processRawArguments,,NullPointerException,,,,,,errorReport,
Hadoop,HADOOP-7771,Command.java,org.apache.hadoop.fs.shell.Command,run,,NullPointerException,,,,,,errorReport,
Hadoop,HADOOP-7771,FsShell.java,org.apache.hadoop.fs.FsShell,run,,NullPointerException,,,,,,callBlockingMethod,
Hadoop,HADOOP-7771,ToolRunner.java,org.apache.hadoop.util.ToolRunner,run,,NullPointerException,,,,,,call,
Hadoop,HADOOP-7771,FsShell.java,org.apache.hadoop.fs.FsShell,main,,NullPointerException,,,,,,call,
Hadoop,HADOOP-7859,FileContext.java,org.apache.hadoop.fs.FileContext,qualifySymlinkTarget,,AssertionError,,,,,,run,
Hadoop,HADOOP-7859,FileContext.java,org.apache.hadoop.fs.FileContext,access$000,,AssertionError,,,,,,checkExit,
Hadoop,HADOOP-7859,FileContext.java,org.apache.hadoop.fs.FileContext$15,next,,AssertionError,,,,,,exit,
Hadoop,HADOOP-7859,FileContext.java,org.apache.hadoop.fs.FileContext$FSLinkResolver,resolve,,AssertionError,,,,,,exit,
Hadoop,HADOOP-7859,FileContext.java,org.apache.hadoop.fs.FileContext,getFileLinkStatus,,AssertionError,,,,,,main,
Hadoop,HADOOP-7859,FileContextTestHelper.java,org.apache.hadoop.fs.FileContextTestHelper,checkFileLinkStatus,,AssertionError,,,,,,map,
Hadoop,HADOOP-7859,ViewFsBaseTest.java,org.apache.hadoop.fs.viewfs.ViewFsBaseTest,testgetFileLinkStatus,,AssertionError,,,,,,runOldMapper,
Hadoop,HADOOP-7902,User.java,org.apache.hadoop.security.User,<init>,,IllegalArgumentException,,,,,,run,
Hadoop,HADOOP-7902,UserGroupInformation.java,org.apache.hadoop.security.UserGroupInformation,createRemoteUser,,IllegalArgumentException,,,,,,main,
Hadoop,HADOOP-7902,OfflineEditsViewerHelper.java,org.apache.hadoop.hdfs.server.namenode.OfflineEditsViewerHelper,runOperations,,IllegalArgumentException,,,,,,addToken,
Hadoop,HADOOP-7902,OfflineEditsViewerHelper.java,org.apache.hadoop.hdfs.server.namenode.OfflineEditsViewerHelper,generateEdits,,IllegalArgumentException,,,,,,,
Hadoop,HADOOP-7902,TestOfflineEditsViewer.java,org.apache.hadoop.hdfs.tools.offlineEditsViewer.TestOfflineEditsViewer,testGenerated,,IllegalArgumentException,,,,,,,
Hadoop,HADOOP-7988,NodeStatusUpdaterImpl.java,org.apache.hadoop.yarn.server.nodemanager.NodeStatusUpdaterImpl,start,,KrbException,,,,,,,
Hadoop,HADOOP-7988,CompositeService.java,org.apache.hadoop.yarn.service.CompositeService,start,,KrbException,,,,,,,
Hadoop,HADOOP-7988,NodeManager.java,org.apache.hadoop.yarn.server.nodemanager.NodeManager,start,,KrbException,,,,,,,
Hadoop,HADOOP-7988,NodeManager.java,org.apache.hadoop.yarn.server.nodemanager.NodeManager,main,,KrbException,,,,,,,
Hadoop,HADOOP-7988,ResourceTrackerPBClientImpl.java,org.apache.hadoop.yarn.server.api.impl.pb.client.ResourceTrackerPBClientImpl,registerNodeManager,,KrbException,,,,,,,
Hadoop,HADOOP-7988,NodeStatusUpdaterImpl.java,org.apache.hadoop.yarn.server.nodemanager.NodeStatusUpdaterImpl,registerWithRM,,KrbException,,,,,,,
Hadoop,HADOOP-7988,ProtoOverHadoopRpcEngine.java,org.apache.hadoop.yarn.ipc.ProtoOverHadoopRpcEngine$Invoker,invoke,,KrbException,,,,,,,
Hadoop,HADOOP-7988,Unknown Source,$Proxy14,registerNodeManager,,KrbException,,,,,,,
Hadoop,HADOOP-7988,NetUtils.java,org.apache.hadoop.net.NetUtils,wrapException,,KrbException,,,,,,,
Hadoop,HADOOP-7988,Client.java,org.apache.hadoop.ipc.Client,call,,KrbException,,,,,,,
Hadoop,HADOOP-7988,Client.java,org.apache.hadoop.ipc.Client$Connection$1,run,,KrbException,,,,,,,
Hadoop,HADOOP-7988,Native Method,java.security.AccessController,doPrivileged,,KrbException,,,,,,,
Hadoop,HADOOP-7988,Subject.java,javax.security.auth.Subject,doAs,,KrbException,,,,,,,
Hadoop,HADOOP-7988,UserGroupInformation.java,org.apache.hadoop.security.UserGroupInformation,doAs,,KrbException,,,,,,,
Hadoop,HADOOP-7988,Client.java,org.apache.hadoop.ipc.Client$Connection,handleSaslConnectionFailure,,KrbException,,,,,,,
Hadoop,HADOOP-7988,Client.java,org.apache.hadoop.ipc.Client$Connection,setupIOstreams,,KrbException,,,,,,,
Hadoop,HADOOP-7988,Client.java,org.apache.hadoop.ipc.Client$Connection,access$2000,,KrbException,,,,,,,
Hadoop,HADOOP-7988,Client.java,org.apache.hadoop.ipc.Client,getConnection,,KrbException,,,,,,,
Hadoop,HADOOP-7988,GssKrb5Client.java,com.sun.security.sasl.gsskerb.GssKrb5Client,evaluateChallenge,,KrbException,,,,,,,
Hadoop,HADOOP-7988,SaslRpcClient.java,org.apache.hadoop.security.SaslRpcClient,saslConnect,,KrbException,,,,,,,
Hadoop,HADOOP-7988,Client.java,org.apache.hadoop.ipc.Client$Connection,setupSaslConnection,,KrbException,,,,,,,
Hadoop,HADOOP-7988,Client.java,org.apache.hadoop.ipc.Client$Connection,access$1200,,KrbException,,,,,,,
Hadoop,HADOOP-7988,Krb5Context.java,sun.security.jgss.krb5.Krb5Context,initSecContext,,KrbException,,,,,,,
Hadoop,HADOOP-7988,GSSContextImpl.java,sun.security.jgss.GSSContextImpl,initSecContext,,KrbException,,,,,,,
Hadoop,HADOOP-7988,KrbTgsRep.java,sun.security.krb5.KrbTgsRep,<init>,,KrbException,,,,,,,
Hadoop,HADOOP-7988,KrbTgsReq.java,sun.security.krb5.KrbTgsReq,getReply,,KrbException,,,,,,,
Hadoop,HADOOP-7988,CredentialsUtil.java,sun.security.krb5.internal.CredentialsUtil,serviceCreds,,KrbException,,,,,,,
Hadoop,HADOOP-7988,CredentialsUtil.java,sun.security.krb5.internal.CredentialsUtil,acquireServiceCreds,,KrbException,,,,,,,
Hadoop,HADOOP-7988,Credentials.java,sun.security.krb5.Credentials,acquireServiceCreds,,KrbException,,,,,,,
Hadoop,HADOOP-7988,KDCRep.java,sun.security.krb5.internal.KDCRep,init,,KrbException,,,,,,,
Hadoop,HADOOP-7988,TGSRep.java,sun.security.krb5.internal.TGSRep,init,,KrbException,,,,,,,
Hadoop,HADOOP-7988,TGSRep.java,sun.security.krb5.internal.TGSRep,<init>,,KrbException,,,,,,,
Hadoop,HADOOP-7999,URLClassLoader.java,java.net.URLClassLoader$1,run,,ClassNotFoundException,,,,,,,
Hadoop,HADOOP-7999,Native Method,java.security.AccessController,doPrivileged,,ClassNotFoundException,,,,,,,
Hadoop,HADOOP-7999,URLClassLoader.java,java.net.URLClassLoader,findClass,,ClassNotFoundException,,,,,,,
Hadoop,HADOOP-7999,ClassLoader.java,java.lang.ClassLoader,loadClass,,ClassNotFoundException,,,,,,,
Hadoop,HADOOP-7999,Launcher.java,sun.misc.Launcher$AppClassLoader,loadClass,,ClassNotFoundException,,,,,,,
Hadoop,HADOOP-8006,Assert.java,junit.framework.Assert,fail,,AssertionFailedError,,,,,,,
Hadoop,HADOOP-8006,Assert.java,junit.framework.Assert,failNotEquals,,AssertionFailedError,,,,,,,
Hadoop,HADOOP-8006,Assert.java,junit.framework.Assert,assertEquals,,AssertionFailedError,,,,,,,
Hadoop,HADOOP-8006,TestFSInputChecker.java,org.apache.hadoop.hdfs.TestFSInputChecker,checkSkip,,AssertionFailedError,,,,,,,
Hadoop,HADOOP-8006,TestFSInputChecker.java,org.apache.hadoop.hdfs.TestFSInputChecker,testChecker,,AssertionFailedError,,,,,,,
Hadoop,HADOOP-8031,Configuration.java,org.apache.hadoop.conf.Configuration,loadResource,,RuntimeException,,,,,,,
Hadoop,HADOOP-8031,Configuration.java,org.apache.hadoop.conf.Configuration,loadResources,,RuntimeException,,,,,,,
Hadoop,HADOOP-8031,Configuration.java,org.apache.hadoop.conf.Configuration,getProps,,RuntimeException,,,,,,,
Hadoop,HADOOP-8031,Configuration.java,org.apache.hadoop.conf.Configuration,set,,RuntimeException,,,,,,,
Hadoop,HADOOP-8054,FileSystem.java,org.apache.hadoop.fs.FileSystem,getDefaultBlockSize,,NullPointerException,,,,,,,
Hadoop,HADOOP-8054,RawLocalFileSystem.java,org.apache.hadoop.fs.RawLocalFileSystem,getFileStatus,,NullPointerException,,,,,,,
Hadoop,HADOOP-8054,FilterFileSystem.java,org.apache.hadoop.fs.FilterFileSystem,getFileStatus,,NullPointerException,,,,,,,
Hadoop,HADOOP-8054,ProxyFileSystem.java,org.apache.hadoop.fs.ProxyFileSystem,getFileStatus,,NullPointerException,,,,,,,
Hadoop,HADOOP-8054,FileSystem.java,org.apache.hadoop.fs.FileSystem,exists,,NullPointerException,,,,,,,
Hadoop,HADOOP-8054,FileUtil.java,org.apache.hadoop.fs.FileUtil,checkDest,,NullPointerException,,,,,,,
Hadoop,HADOOP-8054,FileUtil.java,org.apache.hadoop.fs.FileUtil,copy,,NullPointerException,,,,,,,
Hadoop,HADOOP-8110,Assert.java,junit.framework.Assert,fail,,AssertionFailedError,,,,,,,
Hadoop,HADOOP-8110,Assert.java,junit.framework.Assert,failNotEquals,,AssertionFailedError,,,,,,,
Hadoop,HADOOP-8110,Assert.java,junit.framework.Assert,assertEquals,,AssertionFailedError,,,,,,,
Hadoop,HADOOP-8110,TestTrash.java,org.apache.hadoop.fs.TestTrash,trashShell,,AssertionFailedError,,,,,,,
Hadoop,HADOOP-8110,TestViewFsTrash.java,org.apache.hadoop.fs.viewfs.TestViewFsTrash,testTrash,,AssertionFailedError,,,,,,,
Hadoop,HADOOP-8129,InodeTree.java,org.apache.hadoop.fs.viewfs.InodeTree,resolve,,FileNotFoundException,,,,,,,
Hadoop,HADOOP-8129,ViewFileSystem.java,org.apache.hadoop.fs.viewfs.ViewFileSystem,mkdirs,,FileNotFoundException,,,,,,,
Hadoop,HADOOP-8129,FileSystem.java,org.apache.hadoop.fs.FileSystem,mkdirs,,FileNotFoundException,,,,,,,
Hadoop,HADOOP-8129,FSMainOperationsBaseTest.java,org.apache.hadoop.fs.FSMainOperationsBaseTest,setUp,,FileNotFoundException,,,,,,,
Hadoop,HADOOP-8129,TestFSMainOperationsLocalFileSystem.java,org.apache.hadoop.fs.viewfs.TestFSMainOperationsLocalFileSystem,setUp,,FileNotFoundException,,,,,,,
Hadoop,HADOOP-8202,Proxy.java,java.lang.reflect.Proxy,getInvocationHandler,,IllegalArgumentException,,,,,,,
Hadoop,HADOOP-8202,EditLogBackupOutputStream.java,org.apache.hadoop.hdfs.server.namenode.EditLogBackupOutputStream,abort,,IllegalArgumentException,,,,,,,
Hadoop,HADOOP-8202,JournalSet.java,org.apache.hadoop.hdfs.server.namenode.JournalSet,remove,,IllegalArgumentException,,,,,,,
Hadoop,HADOOP-8202,FSEditLog.java,org.apache.hadoop.hdfs.server.namenode.FSEditLog,releaseBackupStream,,IllegalArgumentException,,,,,,,
Hadoop,HADOOP-8202,FSNamesystem.java,org.apache.hadoop.hdfs.server.namenode.FSNamesystem,releaseBackupNode,,IllegalArgumentException,,,,,,,
Hadoop,HADOOP-8202,NameNodeRpcServer.java,org.apache.hadoop.hdfs.server.namenode.NameNodeRpcServer,errorReport,,IllegalArgumentException,,,,,,,
Hadoop,HADOOP-8202,NamenodeProtocolServerSideTranslatorPB.java,org.apache.hadoop.hdfs.protocolPB.NamenodeProtocolServerSideTranslatorPB,errorReport,,IllegalArgumentException,,,,,,,
Hadoop,HADOOP-8202,NamenodeProtocolProtos.java,org.apache.hadoop.hdfs.protocol.proto.NamenodeProtocolProtos$NamenodeProtocolService$2,callBlockingMethod,,IllegalArgumentException,,,,,,,
Hadoop,HADOOP-8202,ProtobufRpcEngine.java,org.apache.hadoop.ipc.ProtobufRpcEngine$Server$ProtoBufRpcInvoker,call,,IllegalArgumentException,,,,,,,
Hadoop,HADOOP-8202,RPC.java,org.apache.hadoop.ipc.RPC$Server,call,,IllegalArgumentException,,,,,,,
Hadoop,HADOOP-8202,Server.java,org.apache.hadoop.ipc.Server$Handler$1,run,,IllegalArgumentException,,,,,,,
Hadoop,HADOOP-8202,Native Method,java.security.AccessController,doPrivileged,,IllegalArgumentException,,,,,,,
Hadoop,HADOOP-8202,Subject.java,javax.security.auth.Subject,doAs,,IllegalArgumentException,,,,,,,
Hadoop,HADOOP-8202,UserGroupInformation.java,org.apache.hadoop.security.UserGroupInformation,doAs,,IllegalArgumentException,,,,,,,
Hadoop,HADOOP-8225,LauncherMapper.java,org.apache.oozie.action.hadoop.LauncherSecurityManager,checkExit,,NullPointerException,,,,,,,
Hadoop,HADOOP-8225,Runtime.java,java.lang.Runtime,exit,,NullPointerException,,,,,,,
Hadoop,HADOOP-8225,System.java,java.lang.System,exit,,NullPointerException,,,,,,,
Hadoop,HADOOP-8225,DistCp.java,org.apache.hadoop.tools.DistCp,main,,NullPointerException,,,,,,,
Hadoop,HADOOP-8225,Native Method,sun.reflect.NativeMethodAccessorImpl,invoke0,,NullPointerException,,,,,,,
Hadoop,HADOOP-8225,NativeMethodAccessorImpl.java,sun.reflect.NativeMethodAccessorImpl,invoke,,NullPointerException,,,,,,,
Hadoop,HADOOP-8225,DelegatingMethodAccessorImpl.java,sun.reflect.DelegatingMethodAccessorImpl,invoke,,NullPointerException,,,,,,,
Hadoop,HADOOP-8225,Method.java,java.lang.reflect.Method,invoke,,NullPointerException,,,,,,,
Hadoop,HADOOP-8225,LauncherMapper.java,org.apache.oozie.action.hadoop.LauncherMapper,map,,NullPointerException,,,,,,,
Hadoop,HADOOP-8225,MapRunner.java,org.apache.hadoop.mapred.MapRunner,run,,NullPointerException,,,,,,,
Hadoop,HADOOP-8225,MapTask.java,org.apache.hadoop.mapred.MapTask,runOldMapper,,NullPointerException,,,,,,,
Hadoop,HADOOP-8225,MapTask.java,org.apache.hadoop.mapred.MapTask,run,,NullPointerException,,,,,,,
Hadoop,HADOOP-8225,YarnChild.java,org.apache.hadoop.mapred.YarnChild$2,run,,NullPointerException,,,,,,,
Hadoop,HADOOP-8225,Native Method,java.security.AccessController,doPrivileged,,NullPointerException,,,,,,,
Hadoop,HADOOP-8225,Subject.java,javax.security.auth.Subject,doAs,,NullPointerException,,,,,,,
Hadoop,HADOOP-8225,UserGroupInformation.java,org.apache.hadoop.security.UserGroupInformation,doAs,,NullPointerException,,,,,,,
Hadoop,HADOOP-8225,YarnChild.java,org.apache.hadoop.mapred.YarnChild,main,,NullPointerException,,,,,,,
Hadoop,HADOOP-8225,UserGroupInformation.java,org.apache.hadoop.security.UserGroupInformation,addToken,,NullPointerException,,,,,,,
